{
  "Beginner": [
    [
      0,
      0,
      2.584962500721156,
      2.321928094887362,
      1,
      1,
      1,
      1,
      1,
      1,
      1,
      2,
      1,
      1,
      0,
      0,
      0,
      0,
      0,
      0,
      0,
      0,
      0
    ],
    [
      3,
      4.392317422778761,
      4.392317422778761
    ]
  ],
  "Intermediate": [
    [
      3,
      3.700439718141092,
      4.459431618637297,
      4,
      4.169925001442312,
      4.321928094887363,
      4.169925001442312,
      2.584962500721156,
      2.584962500721156,
      1,
      1,
      1,
      1,
      1,
      1,
      1,
      1,
      1,
      1,
      2.584962500721156,
      2.584962500721156,
      1,
      2.584962500721156,
      1,
      1,
      1,
      1,
      1,
      1,
      1,
      1,
      1,
      1,
      1,
      1,
      1,
      1,
      1,
      1,
      1,
      1,
      1,
      2.584962500721156,
      1,
      1,
      1,
      1,
      1,
      1,
      1,
      2,
      2,
      2,
      2,
      1,
      1,
      1,
      0,
      0,
      0,
      1,
      1.584962500721156,
      1.584962500721156,
      0,
      0,
      0,
      0,
      0,
      0,
      0,
      0,
      1,
      1,
      1,
      1,
      1,
      1,
      0,
      0,
      0,
      0,
      1,
      1,
      0,
      0,
      0,
      0,
      0,
      0,
      0,
      0,
      0,
      0,
      0
    ],
    [
      6.129283016944966,
      8.980139577639157,
      11.815783544128184,
      10.820178962415188,
      10.045759661382682,
      12.65508344519798,
      12.122180901259753
    ]
  ],
  "Expert": [
    [
      6.129283016944966,
      6.129283016944966
    ],
    [
      4.807354922057604,
      6.022367813028454,
      3.321928094887362,
      4,
      3.321928094887362,
      4.954196310386875,
      4.954196310386875,
      4.584962500721156,
      4.584962500721156,
      4.584962500721156,
      4.584962500721156,
      4.584962500721156,
      5.20945336562895,
      5.700439718141092,
      5.700439718141092,
      5.700439718141092,
      5.700439718141092,
      5.700439718141092,
      5.700439718141092,
      4.169925001442312,
      3.169925001442312,
      3.169925001442312,
      4.392317422778761,
      3.169925001442312,
      2.584962500721156,
      3.584962500721156,
      3.584962500721156,
      3.584962500721156,
      4.169925001442312,
      2.584962500721156,
      3.584962500721156,
      2.584962500721156,
      2.584962500721156,
      2.584962500721156,
      3.169925001442312,
      2.584962500721156,
      2.584962500721156,
      2,
      4,
      4,
      2,
      2,
      2,
      3,
      3,
      1,
      2.584962500721156,
      2.584962500721156,
      2.584962500721156,
      3,
      4,
      3,
      3,
      3,
      3,
      3,
      3,
      4,
      4,
      3,
      3,
      4.584962500721156,
      4.584962500721156,
      4.584962500721156,
      5.321928094887363,
      4.584962500721156,
      6.169925001442312,
      5.584962500721156,
      4.584962500721156,
      4.584962500721156,
      4.584962500721156,
      5.584962500721156,
      5.584962500721156,
      5.584962500721156,
      6.584962500721156,
      8.169925001442312,
      6.584962500721156,
      5.584962500721156,
      7.169925001442312,
      6.584962500721156,
      7.169925001442312,
      7.169925001442312,
      7.169925001442312,
      7.169925001442312,
      7.169925001442312,
      7.169925001442312,
      7.754887502163468,
      7.754887502163468,
      7.754887502163468,
      8.754887502163468,
      8.754887502163468,
      7.754887502163468,
      7.754887502163468,
      7.754887502163468,
      9.339850002884624,
      9.339850002884624,
      8.754887502163468,
      8.754887502163468,
      8.754887502163468,
      8.754887502163468,
      8.754887502163468,
      7.754887502163468,
      7.754887502163468,
      7.754887502163468,
      8.754887502163468,
      8.754887502163468,
      8.754887502163468,
      7.754887502163468,
      7.754887502163468,
      6.169925001442312,
      6.169925001442312,
      6.169925001442312,
      6.169925001442312,
      6.169925001442312,
      6.169925001442312,
      6.169925001442312,
      6.169925001442312,
      6.169925001442312,
      6.169925001442312,
      6.169925001442312,
      6.169925001442312,
      6.169925001442312,
      6.169925001442312,
      6.169925001442312,
      6.169925001442312,
      4.169925001442312,
      4.169925001442312,
      4.169925001442312,
      4.169925001442312,
      4.169925001442312,
      6.491853096329675,
      5.754887502163468,
      5.169925001442312,
      6.169925001442312,
      6.169925001442312,
      5.169925001442312,
      5.169925001442312,
      5.169925001442312,
      5.169925001442312,
      5.169925001442312,
      5.169925001442312,
      7.491853096329675,
      6.754887502163468,
      6.169925001442312,
      6.169925001442312,
      6.169925001442312,
      6.169925001442312,
      5.169925001442312,
      5.169925001442312,
      5.169925001442312,
      6.169925001442312,
      6.169925001442312,
      6.169925001442312,
      6.169925001442312,
      6.169925001442312,
      6.754887502163468,
      8.339850002884624,
      7.491853096329675,
      7.491853096329675,
      7.977279923499917,
      8.62935662007961,
      8.62935662007961,
      8.169925001442312,
      8.169925001442312,
      7.491853096329675,
      7.491853096329675,
      7.491853096329675,
      7.491853096329675,
      7.491853096329675,
      8.491853096329674,
      7.491853096329675,
      7.491853096329675,
      7.491853096329675,
      6.906890595608519,
      6.906890595608519,
      5.906890595608519,
      5.906890595608519,
      5.906890595608519,
      5.321928094887363,
      5.321928094887363,
      6.906890595608519,
      6.906890595608519,
      6.906890595608519,
      6.906890595608519,
      6.906890595608519,
      5.906890595608519,
      5.906890595608519,
      7.491853096329675,
      5.321928094887363,
      5.321928094887363,
      5.321928094887363,
      4.321928094887363,
      5.906890595608519,
      4.321928094887363,
      5.906890595608519,
      5.906890595608519,
      6.643856189774724,
      6.643856189774724,
      6.643856189774724,
      6.643856189774724,
      6.643856189774724,
      6.643856189774724,
      6.643856189774724,
      6.643856189774724,
      6.643856189774724,
      6.643856189774724,
      6.643856189774724,
      6.643856189774724,
      5.643856189774724,
      5.643856189774724
    ]
  ]
}